rect_type,N,trial,estimate
wide,100,0,0.874992
wide,100,1,0.777771
wide,100,2,1.06943
wide,100,3,0.972214
wide,100,4,0.972214
wide,100,5,0.972214
wide,100,6,1.16666
wide,100,7,0.68055
wide,100,8,1.65276
wide,100,9,0.972214
wide,100,10,1.16666
wide,100,11,0.486107
wide,100,12,1.06943
wide,100,13,1.16666
wide,100,14,1.16666
wide,100,15,0.486107
wide,100,16,0.972214
wide,100,17,0.68055
wide,100,18,1.3611
wide,100,19,1.06943
wide,100,20,0.972214
wide,100,21,0.874992
wide,100,22,0.68055
wide,100,23,0.583328
wide,100,24,0.777771
wide,100,25,1.3611
wide,100,26,1.26388
wide,100,27,0.777771
wide,100,28,0.972214
wide,100,29,1.16666
narrow,100,0,0.9875
narrow,100,1,0.9375
narrow,100,2,0.9375
narrow,100,3,0.975
narrow,100,4,0.9125
narrow,100,5,0.85
narrow,100,6,0.8875
narrow,100,7,0.8375
narrow,100,8,0.925
narrow,100,9,0.975
narrow,100,10,1
narrow,100,11,0.9625
narrow,100,12,0.95
narrow,100,13,0.9375
narrow,100,14,1.075
narrow,100,15,0.9375
narrow,100,16,0.975
narrow,100,17,0.8625
narrow,100,18,0.9625
narrow,100,19,1.0375
narrow,100,20,0.925
narrow,100,21,0.9375
narrow,100,22,0.925
narrow,100,23,0.825
narrow,100,24,1.025
narrow,100,25,0.9
narrow,100,26,0.95
narrow,100,27,0.9375
narrow,100,28,0.925
narrow,100,29,0.9375
wide,600,0,1.02082
wide,600,1,0.810178
wide,600,2,0.972214
wide,600,3,0.923603
wide,600,4,0.777771
wide,600,5,0.891196
wide,600,6,1.02082
wide,600,7,0.874992
wide,600,8,0.858789
wide,600,9,1.02082
wide,600,10,0.907399
wide,600,11,0.842585
wide,600,12,1.02082
wide,600,13,1.06943
wide,600,14,1.05323
wide,600,15,0.874992
wide,600,16,1.03703
wide,600,17,1.16666
wide,600,18,0.923603
wide,600,19,0.939806
wide,600,20,0.907399
wide,600,21,1.00462
wide,600,22,0.810178
wide,600,23,1.06943
wide,600,24,0.858789
wide,600,25,0.923603
wide,600,26,0.95601
wide,600,27,0.907399
wide,600,28,0.939806
wide,600,29,1.11805
narrow,600,0,0.90625
narrow,600,1,0.960417
narrow,600,2,0.95625
narrow,600,3,0.908333
narrow,600,4,0.929167
narrow,600,5,0.9375
narrow,600,6,0.970833
narrow,600,7,0.927083
narrow,600,8,0.975
narrow,600,9,0.95
narrow,600,10,0.954167
narrow,600,11,0.933333
narrow,600,12,0.935417
narrow,600,13,0.94375
narrow,600,14,0.972917
narrow,600,15,0.94375
narrow,600,16,0.9875
narrow,600,17,0.9375
narrow,600,18,0.927083
narrow,600,19,0.939583
narrow,600,20,0.960417
narrow,600,21,0.964583
narrow,600,22,0.975
narrow,600,23,0.941667
narrow,600,24,0.972917
narrow,600,25,0.98125
narrow,600,26,0.904167
narrow,600,27,0.972917
narrow,600,28,0.9375
narrow,600,29,0.920833
wide,1100,0,0.830801
wide,1100,1,0.821962
wide,1100,2,1.11363
wide,1100,3,0.963375
wide,1100,4,0.848477
wide,1100,5,0.883831
wide,1100,6,1.01641
wide,1100,7,0.928022
wide,1100,8,1.07827
wide,1100,9,0.848477
wide,1100,10,0.972214
wide,1100,11,0.93686
wide,1100,12,0.839639
wide,1100,13,1.00757
wide,1100,14,0.945699
wide,1100,15,0.919184
wide,1100,16,0.883831
wide,1100,17,0.963375
wide,1100,18,0.848477
wide,1100,19,0.901507
wide,1100,20,0.954537
wide,1100,21,0.821962
wide,1100,22,0.874992
wide,1100,23,0.910345
wide,1100,24,0.93686
wide,1100,25,0.777771
wide,1100,26,0.945699
wide,1100,27,0.892669
wide,1100,28,0.786609
wide,1100,29,1.16666
narrow,1100,0,0.936364
narrow,1100,1,0.932955
narrow,1100,2,0.959091
narrow,1100,3,0.944318
narrow,1100,4,0.936364
narrow,1100,5,0.928409
narrow,1100,6,0.948864
narrow,1100,7,0.940909
narrow,1100,8,0.944318
narrow,1100,9,0.934091
narrow,1100,10,0.957955
narrow,1100,11,0.946591
narrow,1100,12,0.964773
narrow,1100,13,0.948864
narrow,1100,14,0.940909
narrow,1100,15,0.913636
narrow,1100,16,0.943182
narrow,1100,17,0.942045
narrow,1100,18,0.976136
narrow,1100,19,0.947727
narrow,1100,20,0.927273
narrow,1100,21,0.979545
narrow,1100,22,0.922727
narrow,1100,23,0.959091
narrow,1100,24,0.923864
narrow,1100,25,0.927273
narrow,1100,26,0.956818
narrow,1100,27,0.945455
narrow,1100,28,0.956818
narrow,1100,29,0.939773
wide,1600,0,0.953985
wide,1600,1,0.86284
wide,1600,2,1.0026
wide,1600,3,0.91145
wide,1600,4,0.86284
wide,1600,5,0.923603
wide,1600,6,0.91145
wide,1600,7,0.899298
wide,1600,8,0.935756
wide,1600,9,0.953985
wide,1600,10,0.990443
wide,1600,11,0.929679
wide,1600,12,0.960061
wide,1600,13,0.935756
wide,1600,14,0.941832
wide,1600,15,0.947908
wide,1600,16,1.03905
wide,1600,17,0.899298
wide,1600,18,0.91145
wide,1600,19,0.874992
wide,1600,20,0.91145
wide,1600,21,0.923603
wide,1600,22,1.0026
wide,1600,23,0.941832
wide,1600,24,0.953985
wide,1600,25,0.887145
wide,1600,26,1.03298
wide,1600,27,1.05728
wide,1600,28,1.03905
wide,1600,29,0.966137
narrow,1600,0,0.964063
narrow,1600,1,0.935938
narrow,1600,2,0.939844
narrow,1600,3,0.950781
narrow,1600,4,0.932813
narrow,1600,5,0.952344
narrow,1600,6,0.9625
narrow,1600,7,0.924219
narrow,1600,8,0.942969
narrow,1600,9,0.945313
narrow,1600,10,0.964844
narrow,1600,11,0.944531
narrow,1600,12,0.924219
narrow,1600,13,0.946875
narrow,1600,14,0.946094
narrow,1600,15,0.939844
narrow,1600,16,0.944531
narrow,1600,17,0.939844
narrow,1600,18,0.94375
narrow,1600,19,0.958594
narrow,1600,20,0.925781
narrow,1600,21,0.951563
narrow,1600,22,0.96875
narrow,1600,23,0.9375
narrow,1600,24,0.946875
narrow,1600,25,0.936719
narrow,1600,26,0.944531
narrow,1600,27,0.932813
narrow,1600,28,0.935938
narrow,1600,29,0.963281
wide,2100,0,0.930547
wide,2100,1,0.944436
wide,2100,2,0.925918
wide,2100,3,0.907399
wide,2100,4,1.09258
wide,2100,5,1.04166
wide,2100,6,0.930547
wide,2100,7,0.995362
wide,2100,8,0.916659
wide,2100,9,1.03703
wide,2100,10,0.972214
wide,2100,11,0.916659
wide,2100,12,0.907399
wide,2100,13,0.976843
wide,2100,14,1.02777
wide,2100,15,0.976843
wide,2100,16,0.958325
wide,2100,17,1.03703
wide,2100,18,1.04166
wide,2100,19,0.967584
wide,2100,20,0.981473
wide,2100,21,0.874992
wide,2100,22,0.916659
wide,2100,23,0.976843
wide,2100,24,1.04629
wide,2100,25,1.00462
wide,2100,26,1.08795
wide,2100,27,0.888881
wide,2100,28,1.01388
wide,2100,29,0.884251
narrow,2100,0,0.959524
narrow,2100,1,0.970238
narrow,2100,2,0.957143
narrow,2100,3,0.941071
narrow,2100,4,0.925595
narrow,2100,5,0.939286
narrow,2100,6,0.949405
narrow,2100,7,0.93631
narrow,2100,8,0.942857
narrow,2100,9,0.948214
narrow,2100,10,0.931548
narrow,2100,11,0.942262
narrow,2100,12,0.924405
narrow,2100,13,0.938095
narrow,2100,14,0.954762
narrow,2100,15,0.953571
narrow,2100,16,0.938095
narrow,2100,17,0.924405
narrow,2100,18,0.932738
narrow,2100,19,0.949405
narrow,2100,20,0.95119
narrow,2100,21,0.939881
narrow,2100,22,0.947024
narrow,2100,23,0.927381
narrow,2100,24,0.955357
narrow,2100,25,0.925
narrow,2100,26,0.933333
narrow,2100,27,0.919048
narrow,2100,28,0.933929
narrow,2100,29,0.947024
wide,2600,0,0.972214
wide,2600,1,0.934821
wide,2600,2,0.882471
wide,2600,3,0.983431
wide,2600,4,0.983431
wide,2600,5,0.841339
wide,2600,6,0.957256
wide,2600,7,0.919864
wide,2600,8,0.931081
wide,2600,9,0.901167
wide,2600,10,0.968474
wide,2600,11,1.02456
wide,2600,12,0.964735
wide,2600,13,0.931081
wide,2600,14,0.863774
wide,2600,15,0.919864
wide,2600,16,0.848817
wide,2600,17,0.919864
wide,2600,18,0.863774
wide,2600,19,0.830121
wide,2600,20,0.860035
wide,2600,21,0.916124
wide,2600,22,0.964735
wide,2600,23,0.957256
wide,2600,24,1.05074
wide,2600,25,0.946039
wide,2600,26,0.904907
wide,2600,27,0.964735
wide,2600,28,0.845078
wide,2600,29,0.919864
narrow,2600,0,0.940385
narrow,2600,1,0.962019
narrow,2600,2,0.941346
narrow,2600,3,0.924519
narrow,2600,4,0.934615
narrow,2600,5,0.940865
narrow,2600,6,0.954808
narrow,2600,7,0.928365
narrow,2600,8,0.94375
narrow,2600,9,0.963462
narrow,2600,10,0.954327
narrow,2600,11,0.952404
narrow,2600,12,0.934615
narrow,2600,13,0.951442
narrow,2600,14,0.954808
narrow,2600,15,0.973077
narrow,2600,16,0.937019
narrow,2600,17,0.937981
narrow,2600,18,0.951442
narrow,2600,19,0.935577
narrow,2600,20,0.955288
narrow,2600,21,0.954327
narrow,2600,22,0.953365
narrow,2600,23,0.945192
narrow,2600,24,0.936538
narrow,2600,25,0.944231
narrow,2600,26,0.938942
narrow,2600,27,0.925
narrow,2600,28,0.941346
narrow,2600,29,0.944231
wide,3100,0,0.956533
wide,3100,1,0.956533
wide,3100,2,0.862448
wide,3100,3,0.994167
wide,3100,4,0.965941
wide,3100,5,0.969077
wide,3100,6,0.906354
wide,3100,7,0.922035
wide,3100,8,0.893809
wide,3100,9,0.925171
wide,3100,10,0.987894
wide,3100,11,0.937716
wide,3100,12,0.865584
wide,3100,13,1.09139
wide,3100,14,1.03807
wide,3100,15,1.00358
wide,3100,16,0.953397
wide,3100,17,0.918899
wide,3100,18,0.969077
wide,3100,19,0.887537
wide,3100,20,0.824813
wide,3100,21,0.922035
wide,3100,22,0.922035
wide,3100,23,0.900082
wide,3100,24,0.940852
wide,3100,25,0.840494
wide,3100,26,0.956533
wide,3100,27,0.928307
wide,3100,28,0.931443
wide,3100,29,0.95026
narrow,3100,0,0.950806
narrow,3100,1,0.939919
narrow,3100,2,0.956048
narrow,3100,3,0.937903
narrow,3100,4,0.945565
narrow,3100,5,0.944758
narrow,3100,6,0.966129
narrow,3100,7,0.945968
narrow,3100,8,0.935484
narrow,3100,9,0.939113
narrow,3100,10,0.928226
narrow,3100,11,0.935484
narrow,3100,12,0.949194
narrow,3100,13,0.940726
narrow,3100,14,0.922984
narrow,3100,15,0.950806
narrow,3100,16,0.941935
narrow,3100,17,0.953629
narrow,3100,18,0.945968
narrow,3100,19,0.942339
narrow,3100,20,0.945968
narrow,3100,21,0.952016
narrow,3100,22,0.942742
narrow,3100,23,0.957661
narrow,3100,24,0.933065
narrow,3100,25,0.95121
narrow,3100,26,0.954032
narrow,3100,27,0.943145
narrow,3100,28,0.926613
narrow,3100,29,0.940323
wide,3600,0,0.874992
wide,3600,1,0.964112
wide,3600,2,0.937106
wide,3600,3,0.969513
wide,3600,4,0.923603
wide,3600,5,0.899298
wide,3600,6,0.980315
wide,3600,7,0.980315
wide,3600,8,0.985717
wide,3600,9,0.988417
wide,3600,10,0.901998
wide,3600,11,0.904699
wide,3600,12,0.893896
wide,3600,13,0.920902
wide,3600,14,0.923603
wide,3600,15,0.988417
wide,3600,16,0.980315
wide,3600,17,1.00192
wide,3600,18,0.947908
wide,3600,19,0.961411
wide,3600,20,0.926304
wide,3600,21,0.899298
wide,3600,22,0.985717
wide,3600,23,0.9101
wide,3600,24,0.907399
wide,3600,25,0.918202
wide,3600,26,0.996519
wide,3600,27,0.861489
wide,3600,28,0.929004
wide,3600,29,0.923603
narrow,3600,0,0.937847
narrow,3600,1,0.936111
narrow,3600,2,0.940625
narrow,3600,3,0.938542
narrow,3600,4,0.942014
narrow,3600,5,0.927431
narrow,3600,6,0.951736
narrow,3600,7,0.951736
narrow,3600,8,0.95
narrow,3600,9,0.952083
narrow,3600,10,0.943403
narrow,3600,11,0.940972
narrow,3600,12,0.948611
narrow,3600,13,0.926736
narrow,3600,14,0.938542
narrow,3600,15,0.960764
narrow,3600,16,0.952083
narrow,3600,17,0.949306
narrow,3600,18,0.940972
narrow,3600,19,0.93125
narrow,3600,20,0.952778
narrow,3600,21,0.948958
narrow,3600,22,0.948958
narrow,3600,23,0.931597
narrow,3600,24,0.949653
narrow,3600,25,0.935764
narrow,3600,26,0.950347
narrow,3600,27,0.951042
narrow,3600,28,0.950694
narrow,3600,29,0.939236
wide,4100,0,0.893962
wide,4100,1,0.939016
wide,4100,2,0.877363
wide,4100,3,0.839423
wide,4100,4,0.986441
wide,4100,5,0.939016
wide,4100,6,0.998297
wide,4100,7,0.886848
wide,4100,8,0.967471
wide,4100,9,0.962729
wide,4100,10,0.90819
wide,4100,11,0.90819
wide,4100,12,0.993555
wide,4100,13,0.877363
wide,4100,14,0.920046
wide,4100,15,0.941387
wide,4100,16,0.943759
wide,4100,17,0.910561
wide,4100,18,0.931902
wide,4100,19,0.991184
wide,4100,20,0.972214
wide,4100,21,0.912932
wide,4100,22,0.934274
wide,4100,23,0.995926
wide,4100,24,0.910561
wide,4100,25,0.94613
wide,4100,26,0.939016
wide,4100,27,0.995926
wide,4100,28,0.993555
wide,4100,29,0.960357
narrow,4100,0,0.940549
narrow,4100,1,0.940549
narrow,4100,2,0.927744
narrow,4100,3,0.932012
narrow,4100,4,0.949085
narrow,4100,5,0.945122
narrow,4100,6,0.943293
narrow,4100,7,0.946341
narrow,4100,8,0.933232
narrow,4100,9,0.95
narrow,4100,10,0.941768
narrow,4100,11,0.932622
narrow,4100,12,0.945427
narrow,4100,13,0.95122
narrow,4100,14,0.929268
narrow,4100,15,0.946341
narrow,4100,16,0.944512
narrow,4100,17,0.94939
narrow,4100,18,0.935671
narrow,4100,19,0.944817
narrow,4100,20,0.958537
narrow,4100,21,0.953354
narrow,4100,22,0.937805
narrow,4100,23,0.952134
narrow,4100,24,0.955793
narrow,4100,25,0.946037
narrow,4100,26,0.955488
narrow,4100,27,0.942378
narrow,4100,28,0.955793
narrow,4100,29,0.947561
wide,4600,0,0.938397
wide,4600,1,0.982781
wide,4600,2,0.898241
wide,4600,3,1.00603
wide,4600,4,0.951079
wide,4600,5,0.894014
wide,4600,6,0.940511
wide,4600,7,0.913035
wide,4600,8,0.836949
wide,4600,9,0.93417
wide,4600,10,1.02716
wide,4600,11,0.913035
wide,4600,12,0.953192
wide,4600,13,0.957419
wide,4600,14,0.915149
wide,4600,15,0.932057
wide,4600,16,0.904581
wide,4600,17,0.917262
wide,4600,18,0.910922
wide,4600,19,1.03351
wide,4600,20,0.889787
wide,4600,21,0.932057
wide,4600,22,0.951079
wide,4600,23,1.03139
wide,4600,24,0.961646
wide,4600,25,0.92783
wide,4600,26,0.991235
wide,4600,27,0.991235
wide,4600,28,0.93417
wide,4600,29,0.96376
narrow,4600,0,0.937228
narrow,4600,1,0.958152
narrow,4600,2,0.95625
narrow,4600,3,0.940217
narrow,4600,4,0.936957
narrow,4600,5,0.952717
narrow,4600,6,0.945109
narrow,4600,7,0.955435
narrow,4600,8,0.94837
narrow,4600,9,0.945652
narrow,4600,10,0.951087
narrow,4600,11,0.952446
narrow,4600,12,0.94538
narrow,4600,13,0.950272
narrow,4600,14,0.936413
narrow,4600,15,0.942391
narrow,4600,16,0.946467
narrow,4600,17,0.938315
narrow,4600,18,0.953261
narrow,4600,19,0.946196
narrow,4600,20,0.95462
narrow,4600,21,0.955163
narrow,4600,22,0.952174
narrow,4600,23,0.95163
narrow,4600,24,0.93913
narrow,4600,25,0.94212
narrow,4600,26,0.953261
narrow,4600,27,0.948098
narrow,4600,28,0.94538
narrow,4600,29,0.938315
wide,5100,0,1.01796
wide,5100,1,0.947432
wide,5100,2,1.05418
wide,5100,3,0.955057
wide,5100,4,0.905493
wide,5100,5,0.876899
wide,5100,6,0.964588
wide,5100,7,0.966495
wide,5100,8,0.968401
wide,5100,9,0.90168
wide,5100,10,0.955057
wide,5100,11,0.947432
wide,5100,12,0.951244
wide,5100,13,0.962682
wide,5100,14,0.865461
wide,5100,15,1.0275
wide,5100,16,0.964588
wide,5100,17,0.935994
wide,5100,18,0.899774
wide,5100,19,0.996996
wide,5100,20,0.995089
wide,5100,21,1.00271
wide,5100,22,0.987464
wide,5100,23,0.983651
wide,5100,24,0.960776
wide,5100,25,0.949338
wide,5100,26,0.951244
wide,5100,27,0.951244
wide,5100,28,1.01034
wide,5100,29,0.928369
narrow,5100,0,0.941422
narrow,5100,1,0.955392
narrow,5100,2,0.93799
narrow,5100,3,0.954657
narrow,5100,4,0.944608
narrow,5100,5,0.933333
narrow,5100,6,0.948284
narrow,5100,7,0.946324
narrow,5100,8,0.952696
narrow,5100,9,0.957843
narrow,5100,10,0.945098
narrow,5100,11,0.955392
narrow,5100,12,0.936765
narrow,5100,13,0.942402
narrow,5100,14,0.939216
narrow,5100,15,0.936275
narrow,5100,16,0.950245
narrow,5100,17,0.949755
narrow,5100,18,0.935049
narrow,5100,19,0.957598
narrow,5100,20,0.946814
narrow,5100,21,0.941667
narrow,5100,22,0.945098
narrow,5100,23,0.951471
narrow,5100,24,0.949265
narrow,5100,25,0.956863
narrow,5100,26,0.93652
narrow,5100,27,0.955147
narrow,5100,28,0.956863
narrow,5100,29,0.945833
wide,5600,0,1.00346
wide,5600,1,0.934019
wide,5600,2,0.999991
wide,5600,3,0.930547
wide,5600,4,0.91145
wide,5600,5,0.907978
wide,5600,6,0.944436
wide,5600,7,0.880201
wide,5600,8,0.916659
wide,5600,9,0.95138
wide,5600,10,0.904506
wide,5600,11,0.899298
wide,5600,12,0.935756
wide,5600,13,1.05555
wide,5600,14,0.899298
wide,5600,15,0.958325
wide,5600,16,0.944436
wide,5600,17,0.977422
wide,5600,18,0.987838
wide,5600,19,0.901034
wide,5600,20,0.944436
wide,5600,21,0.956589
wide,5600,22,0.994783
wide,5600,23,0.996519
wide,5600,24,0.934019
wide,5600,25,0.91145
wide,5600,26,0.937492
wide,5600,27,0.95138
wide,5600,28,0.916659
wide,5600,29,0.939228
narrow,5600,0,0.946429
narrow,5600,1,0.947098
narrow,5600,2,0.947991
narrow,5600,3,0.941518
narrow,5600,4,0.955804
narrow,5600,5,0.944866
narrow,5600,6,0.943527
narrow,5600,7,0.941071
narrow,5600,8,0.939732
narrow,5600,9,0.940625
narrow,5600,10,0.948214
narrow,5600,11,0.94442
narrow,5600,12,0.958929
narrow,5600,13,0.941295
narrow,5600,14,0.941741
narrow,5600,15,0.942857
narrow,5600,16,0.952455
narrow,5600,17,0.939286
narrow,5600,18,0.945536
narrow,5600,19,0.940625
narrow,5600,20,0.942188
narrow,5600,21,0.94933
narrow,5600,22,0.942634
narrow,5600,23,0.941741
narrow,5600,24,0.952455
narrow,5600,25,0.918973
narrow,5600,26,0.942634
narrow,5600,27,0.941071
narrow,5600,28,0.935714
narrow,5600,29,0.952455
wide,6100,0,0.98337
wide,6100,1,0.925994
wide,6100,2,0.954682
wide,6100,3,0.9499
wide,6100,4,0.927587
wide,6100,5,0.941932
wide,6100,6,0.897305
wide,6100,7,0.948307
wide,6100,8,0.951494
wide,6100,9,0.933963
wide,6100,10,0.927587
wide,6100,11,0.946713
wide,6100,12,0.87818
wide,6100,13,0.922806
wide,6100,14,0.938744
wide,6100,15,1.04075
wide,6100,16,0.941932
wide,6100,17,0.929181
wide,6100,18,0.967432
wide,6100,19,0.93715
wide,6100,20,0.946713
wide,6100,21,1.02003
wide,6100,22,1.0025
wide,6100,23,0.89093
wide,6100,24,0.881367
wide,6100,25,0.973807
wide,6100,26,0.941932
wide,6100,27,0.941932
wide,6100,28,0.922806
wide,6100,29,1.03597
narrow,6100,0,0.945287
narrow,6100,1,0.942828
narrow,6100,2,0.938115
narrow,6100,3,0.934221
narrow,6100,4,0.942213
narrow,6100,5,0.949795
narrow,6100,6,0.946721
narrow,6100,7,0.934426
narrow,6100,8,0.936066
narrow,6100,9,0.944262
narrow,6100,10,0.955533
narrow,6100,11,0.947541
narrow,6100,12,0.935246
narrow,6100,13,0.93709
narrow,6100,14,0.943443
narrow,6100,15,0.940779
narrow,6100,16,0.95123
narrow,6100,17,0.956762
narrow,6100,18,0.943648
narrow,6100,19,0.94959
narrow,6100,20,0.939754
narrow,6100,21,0.950205
narrow,6100,22,0.934221
narrow,6100,23,0.93791
narrow,6100,24,0.938934
narrow,6100,25,0.942623
narrow,6100,26,0.93668
narrow,6100,27,0.942418
narrow,6100,28,0.934016
narrow,6100,29,0.944672
wide,6600,0,0.914765
wide,6600,1,0.979579
wide,6600,2,0.904453
wide,6600,3,0.945699
wide,6600,4,0.947172
wide,6600,5,1.0002
wide,6600,6,0.98989
wide,6600,7,1.02672
wide,6600,8,0.933914
wide,6600,9,0.938333
wide,6600,10,0.97516
wide,6600,11,0.960429
wide,6600,12,0.913292
wide,6600,13,0.907399
wide,6600,14,0.969267
wide,6600,15,0.928022
wide,6600,16,0.983998
wide,6600,17,0.945699
wide,6600,18,0.953064
wide,6600,19,0.905926
wide,6600,20,0.917711
wide,6600,21,0.880884
wide,6600,22,0.969267
wide,6600,23,0.950118
wide,6600,24,0.994309
wide,6600,25,0.900034
wide,6600,26,0.891196
wide,6600,27,0.939806
wide,6600,28,0.925076
wide,6600,29,0.877938
narrow,6600,0,0.94678
narrow,6600,1,0.932576
narrow,6600,2,0.951515
narrow,6600,3,0.950189
narrow,6600,4,0.935795
narrow,6600,5,0.951326
narrow,6600,6,0.944129
narrow,6600,7,0.941098
narrow,6600,8,0.943561
narrow,6600,9,0.942803
narrow,6600,10,0.934659
narrow,6600,11,0.942992
narrow,6600,12,0.938826
narrow,6600,13,0.946402
narrow,6600,14,0.93428
narrow,6600,15,0.945455
narrow,6600,16,0.939583
narrow,6600,17,0.950758
narrow,6600,18,0.947727
narrow,6600,19,0.946402
narrow,6600,20,0.951515
narrow,6600,21,0.955871
narrow,6600,22,0.939583
narrow,6600,23,0.945265
narrow,6600,24,0.95947
narrow,6600,25,0.945644
narrow,6600,26,0.939205
narrow,6600,27,0.948864
narrow,6600,28,0.949242
narrow,6600,29,0.952083
wide,7100,0,0.940719
wide,7100,1,0.994123
wide,7100,2,0.931134
wide,7100,3,0.962628
wide,7100,4,0.942089
wide,7100,5,0.950305
wide,7100,6,0.927026
wide,7100,7,0.985907
wide,7100,8,0.922918
wide,7100,9,1.00371
wide,7100,10,0.953043
wide,7100,11,0.91881
wide,7100,12,0.970844
wide,7100,13,0.970844
wide,7100,14,1.00097
wide,7100,15,0.901009
wide,7100,16,0.884577
wide,7100,17,0.987276
wide,7100,18,0.987276
wide,7100,19,0.927026
wide,7100,20,1.01055
wide,7100,21,0.933873
wide,7100,22,0.942089
wide,7100,23,0.935242
wide,7100,24,0.955782
wide,7100,25,0.874992
wide,7100,26,0.924288
wide,7100,27,0.944827
wide,7100,28,0.925657
wide,7100,29,0.936611
narrow,7100,0,0.942958
narrow,7100,1,0.946655
narrow,7100,2,0.934859
narrow,7100,3,0.938204
narrow,7100,4,0.943838
narrow,7100,5,0.943662
narrow,7100,6,0.945775
narrow,7100,7,0.943662
narrow,7100,8,0.939613
narrow,7100,9,0.941373
narrow,7100,10,0.946127
narrow,7100,11,0.946303
narrow,7100,12,0.929577
narrow,7100,13,0.947887
narrow,7100,14,0.941373
narrow,7100,15,0.95493
narrow,7100,16,0.942077
narrow,7100,17,0.945423
narrow,7100,18,0.932923
narrow,7100,19,0.947183
narrow,7100,20,0.948063
narrow,7100,21,0.952817
narrow,7100,22,0.942958
narrow,7100,23,0.953697
narrow,7100,24,0.947887
narrow,7100,25,0.934331
narrow,7100,26,0.948063
narrow,7100,27,0.938556
narrow,7100,28,0.939437
narrow,7100,29,0.946127
wide,7600,0,0.979889
wide,7600,1,0.96198
wide,7600,2,0.985006
wide,7600,3,0.924882
wide,7600,4,0.929999
wide,7600,5,0.996519
wide,7600,6,0.958142
wide,7600,7,0.976051
wide,7600,8,0.946629
wide,7600,9,0.947908
wide,7600,10,0.923603
wide,7600,11,0.94535
wide,7600,12,0.946629
wide,7600,13,0.973493
wide,7600,14,0.968376
wide,7600,15,0.947908
wide,7600,16,0.967097
wide,7600,17,0.954304
wide,7600,18,0.985006
wide,7600,19,1.00292
wide,7600,20,0.913369
wide,7600,21,0.97861
wide,7600,22,0.917207
wide,7600,23,1.01187
wide,7600,24,0.988844
wide,7600,25,1.00036
wide,7600,26,0.915928
wide,7600,27,0.919765
wide,7600,28,0.868596
wide,7600,29,0.909531
narrow,7600,0,0.942763
narrow,7600,1,0.951645
narrow,7600,2,0.93898
narrow,7600,3,0.947204
narrow,7600,4,0.942105
narrow,7600,5,0.940132
narrow,7600,6,0.950658
narrow,7600,7,0.948684
narrow,7600,8,0.942763
narrow,7600,9,0.951974
narrow,7600,10,0.935033
narrow,7600,11,0.943092
narrow,7600,12,0.943257
narrow,7600,13,0.952303
narrow,7600,14,0.949342
narrow,7600,15,0.935526
narrow,7600,16,0.939309
narrow,7600,17,0.936349
narrow,7600,18,0.946546
narrow,7600,19,0.946711
narrow,7600,20,0.944243
narrow,7600,21,0.946711
narrow,7600,22,0.948355
narrow,7600,23,0.946217
narrow,7600,24,0.937829
narrow,7600,25,0.947697
narrow,7600,26,0.940789
narrow,7600,27,0.949013
narrow,7600,28,0.932401
narrow,7600,29,0.952796
wide,8100,0,0.883394
wide,8100,1,0.985416
wide,8100,2,0.935005
wide,8100,3,0.932605
wide,8100,4,0.953009
wide,8100,5,0.930204
wide,8100,6,0.951809
wide,8100,7,0.925403
wide,8100,8,0.937406
wide,8100,9,0.985416
wide,8100,10,0.929004
wide,8100,11,0.945808
wide,8100,12,0.967413
wide,8100,13,0.931405
wide,8100,14,0.913401
wide,8100,15,0.973414
wide,8100,16,0.876192
wide,8100,17,0.932605
wide,8100,18,0.950609
wide,8100,19,0.961411
wide,8100,20,0.990218
wide,8100,21,0.9098
wide,8100,22,0.972214
wide,8100,23,0.963812
wide,8100,24,0.937406
wide,8100,25,0.963812
wide,8100,26,0.918202
wide,8100,27,0.936206
wide,8100,28,0.923003
wide,8100,29,0.95781
narrow,8100,0,0.953704
narrow,8100,1,0.941821
narrow,8100,2,0.944907
narrow,8100,3,0.947994
narrow,8100,4,0.94429
narrow,8100,5,0.949074
narrow,8100,6,0.945216
narrow,8100,7,0.952006
narrow,8100,8,0.946142
narrow,8100,9,0.938272
narrow,8100,10,0.939969
narrow,8100,11,0.938889
narrow,8100,12,0.949537
narrow,8100,13,0.952315
narrow,8100,14,0.947068
narrow,8100,15,0.946605
narrow,8100,16,0.949537
narrow,8100,17,0.953241
narrow,8100,18,0.942901
narrow,8100,19,0.941975
narrow,8100,20,0.933642
narrow,8100,21,0.931481
narrow,8100,22,0.954012
narrow,8100,23,0.93858
narrow,8100,24,0.944753
narrow,8100,25,0.943519
narrow,8100,26,0.94321
narrow,8100,27,0.943981
narrow,8100,28,0.937963
narrow,8100,29,0.950463
wide,8600,0,0.921342
wide,8600,1,0.924733
wide,8600,2,0.91569
wide,8600,3,0.930386
wide,8600,4,0.913429
wide,8600,5,0.922472
wide,8600,6,0.919081
wide,8600,7,0.952995
wide,8600,8,0.899863
wide,8600,9,0.952995
wide,8600,10,0.972214
wide,8600,11,0.917951
wide,8600,12,0.982388
wide,8600,13,0.959778
wide,8600,14,0.946213
wide,8600,15,0.975605
wide,8600,16,0.933777
wide,8600,17,0.974475
wide,8600,18,0.938299
wide,8600,19,0.911168
wide,8600,20,0.975605
wide,8600,21,0.991432
wide,8600,22,0.898732
wide,8600,23,0.934908
wide,8600,24,0.999345
wide,8600,25,0.929255
wide,8600,26,0.982388
wide,8600,27,0.972214
wide,8600,28,0.977866
wide,8600,29,0.908907
narrow,8600,0,0.942587
narrow,8600,1,0.944622
narrow,8600,2,0.954651
narrow,8600,3,0.956395
narrow,8600,4,0.93939
narrow,8600,5,0.931395
narrow,8600,6,0.946221
narrow,8600,7,0.946657
narrow,8600,8,0.950581
narrow,8600,9,0.949855
narrow,8600,10,0.94186
narrow,8600,11,0.94157
narrow,8600,12,0.95218
narrow,8600,13,0.950727
narrow,8600,14,0.935756
narrow,8600,15,0.948837
narrow,8600,16,0.94157
narrow,8600,17,0.953924
narrow,8600,18,0.941715
narrow,8600,19,0.947965
narrow,8600,20,0.946366
narrow,8600,21,0.947674
narrow,8600,22,0.949709
narrow,8600,23,0.946512
narrow,8600,24,0.944913
narrow,8600,25,0.944041
narrow,8600,26,0.945785
narrow,8600,27,0.933866
narrow,8600,28,0.940552
narrow,8600,29,0.946512
wide,9100,0,0.962598
wide,9100,1,0.946573
wide,9100,2,0.96153
wide,9100,3,0.959393
wide,9100,4,0.938026
wide,9100,5,0.914522
wide,9100,6,0.917727
wide,9100,7,0.939094
wide,9100,8,0.960462
wide,9100,9,0.994649
wide,9100,10,0.962598
wide,9100,11,0.947641
wide,9100,12,0.951915
wide,9100,13,0.990376
wide,9100,14,0.931616
wide,9100,15,0.939094
wide,9100,16,0.929479
wide,9100,17,0.935889
wide,9100,18,0.940163
wide,9100,19,0.918795
wide,9100,20,1.00747
wide,9100,21,0.86965
wide,9100,22,1.00426
wide,9100,23,0.952983
wide,9100,24,0.95512
wide,9100,25,0.986102
wide,9100,26,0.969008
wide,9100,27,0.965803
wide,9100,28,0.976487
wide,9100,29,0.95512
narrow,9100,0,0.932555
narrow,9100,1,0.946978
narrow,9100,2,0.948214
narrow,9100,3,0.94272
narrow,9100,4,0.940797
narrow,9100,5,0.943956
narrow,9100,6,0.942582
narrow,9100,7,0.945055
narrow,9100,8,0.938324
narrow,9100,9,0.949863
narrow,9100,10,0.956593
narrow,9100,11,0.944643
narrow,9100,12,0.93544
narrow,9100,13,0.949313
narrow,9100,14,0.943407
narrow,9100,15,0.930495
narrow,9100,16,0.937363
narrow,9100,17,0.945192
narrow,9100,18,0.937912
narrow,9100,19,0.951374
narrow,9100,20,0.952335
narrow,9100,21,0.951099
narrow,9100,22,0.939835
narrow,9100,23,0.945742
narrow,9100,24,0.941209
narrow,9100,25,0.940522
narrow,9100,26,0.940385
narrow,9100,27,0.944643
narrow,9100,28,0.948352
narrow,9100,29,0.950275
wide,9600,0,0.958035
wide,9600,1,0.887145
wide,9600,2,0.918539
wide,9600,3,0.925628
wide,9600,4,0.882081
wide,9600,5,0.941832
wide,9600,6,0.986392
wide,9600,7,0.913476
wide,9600,8,0.946896
wide,9600,9,0.93373
wide,9600,10,0.962086
wide,9600,11,0.976264
wide,9600,12,0.972214
wide,9600,13,0.951959
wide,9600,14,0.946896
wide,9600,15,0.880056
wide,9600,16,1.00563
wide,9600,17,0.963099
wide,9600,18,0.918539
wide,9600,19,0.951959
wide,9600,20,0.916514
wide,9600,21,0.977277
wide,9600,22,0.973226
wide,9600,23,0.914488
wide,9600,24,0.965125
wide,9600,25,0.908412
wide,9600,26,0.973226
wide,9600,27,0.924616
wide,9600,28,0.935756
wide,9600,29,0.964112
narrow,9600,0,0.942708
narrow,9600,1,0.937109
narrow,9600,2,0.948828
narrow,9600,3,0.941016
narrow,9600,4,0.940104
narrow,9600,5,0.95013
narrow,9600,6,0.944141
narrow,9600,7,0.945573
narrow,9600,8,0.954818
narrow,9600,9,0.940495
narrow,9600,10,0.948958
narrow,9600,11,0.938802
narrow,9600,12,0.941797
narrow,9600,13,0.93776
narrow,9600,14,0.94362
narrow,9600,15,0.942188
narrow,9600,16,0.948047
narrow,9600,17,0.93737
narrow,9600,18,0.935026
narrow,9600,19,0.952083
narrow,9600,20,0.942578
narrow,9600,21,0.94388
narrow,9600,22,0.952474
narrow,9600,23,0.941406
narrow,9600,24,0.946484
narrow,9600,25,0.942318
narrow,9600,26,0.941146
narrow,9600,27,0.954688
narrow,9600,28,0.939323
narrow,9600,29,0.943099
wide,10100,0,0.936598
wide,10100,1,0.945261
wide,10100,2,0.927935
wide,10100,3,0.931785
wide,10100,4,0.924084
wide,10100,5,0.932747
wide,10100,6,0.968363
wide,10100,7,0.973176
wide,10100,8,0.936598
wide,10100,9,0.947186
wide,10100,10,0.867292
wide,10100,11,0.934673
wide,10100,12,0.925047
wide,10100,13,0.926009
wide,10100,14,0.931785
wide,10100,15,0.990503
wide,10100,16,0.947186
wide,10100,17,0.894244
wide,10100,18,0.938523
wide,10100,19,0.909645
wide,10100,20,0.951037
wide,10100,21,0.925047
wide,10100,22,0.956812
wide,10100,23,0.966438
wide,10100,24,0.90002
wide,10100,25,0.904832
wide,10100,26,1.00302
wide,10100,27,0.936598
wide,10100,28,0.90387
wide,10100,29,0.977989
narrow,10100,0,0.941213
narrow,10100,1,0.937995
narrow,10100,2,0.943193
narrow,10100,3,0.945668
narrow,10100,4,0.937376
narrow,10100,5,0.938861
narrow,10100,6,0.946411
narrow,10100,7,0.942822
narrow,10100,8,0.943812
narrow,10100,9,0.951609
narrow,10100,10,0.943564
narrow,10100,11,0.941955
narrow,10100,12,0.945173
narrow,10100,13,0.951856
narrow,10100,14,0.952104
narrow,10100,15,0.950495
narrow,10100,16,0.947896
narrow,10100,17,0.939604
narrow,10100,18,0.943812
narrow,10100,19,0.941708
narrow,10100,20,0.948267
narrow,10100,21,0.95099
narrow,10100,22,0.939975
narrow,10100,23,0.946906
narrow,10100,24,0.944926
narrow,10100,25,0.954703
narrow,10100,26,0.940842
narrow,10100,27,0.937005
narrow,10100,28,0.940347
narrow,10100,29,0.93948
wide,10600,0,0.925437
wide,10600,1,0.949284
wide,10600,2,0.981385
wide,10600,3,0.940112
wide,10600,4,0.963959
wide,10600,5,0.900673
wide,10600,6,0.955704
wide,10600,7,0.939195
wide,10600,8,0.948367
wide,10600,9,0.934609
wide,10600,10,0.990557
wide,10600,11,0.929106
wide,10600,12,0.949284
wide,10600,13,1.0034
wide,10600,14,0.925437
wide,10600,15,0.993309
wide,10600,16,0.950201
wide,10600,17,0.943781
wide,10600,18,0.964876
wide,10600,19,0.913514
wide,10600,20,1.0089
wide,10600,21,0.946532
wide,10600,22,0.877744
wide,10600,23,0.950201
wide,10600,24,0.940112
wide,10600,25,0.889667
wide,10600,26,0.948367
wide,10600,27,0.910762
wide,10600,28,0.930023
wide,10600,29,0.942864
narrow,10600,0,0.943868
narrow,10600,1,0.943514
narrow,10600,2,0.951179
narrow,10600,3,0.945873
narrow,10600,4,0.942453
narrow,10600,5,0.940448
narrow,10600,6,0.944222
narrow,10600,7,0.941745
narrow,10600,8,0.941745
narrow,10600,9,0.944458
narrow,10600,10,0.944811
narrow,10600,11,0.940094
narrow,10600,12,0.939858
narrow,10600,13,0.936557
narrow,10600,14,0.949175
narrow,10600,15,0.935613
narrow,10600,16,0.945401
narrow,10600,17,0.947288
narrow,10600,18,0.939858
narrow,10600,19,0.943632
narrow,10600,20,0.943396
narrow,10600,21,0.933844
narrow,10600,22,0.944222
narrow,10600,23,0.941509
narrow,10600,24,0.949764
narrow,10600,25,0.94658
narrow,10600,26,0.948939
narrow,10600,27,0.926061
narrow,10600,28,0.942217
narrow,10600,29,0.943396
wide,11100,0,0.910027
wide,11100,1,0.9582
wide,11100,2,1.01163
wide,11100,3,0.929296
wide,11100,4,0.988855
wide,11100,5,0.931048
wide,11100,6,0.94331
wide,11100,7,0.973965
wide,11100,8,0.975717
wide,11100,9,0.961703
wide,11100,10,0.940682
wide,11100,11,0.952069
wide,11100,12,0.904772
wide,11100,13,0.905648
wide,11100,14,0.935427
wide,11100,15,0.899517
wide,11100,16,0.929296
wide,11100,17,0.952944
wide,11100,18,0.946813
wide,11100,19,0.926668
wide,11100,20,0.972214
wide,11100,21,0.951193
wide,11100,22,0.987979
wide,11100,23,0.916158
wide,11100,24,0.96871
wide,11100,25,0.912655
wide,11100,26,0.922289
wide,11100,27,0.975717
wide,11100,28,0.980972
wide,11100,29,0.926668
narrow,11100,0,0.936824
narrow,11100,1,0.943919
narrow,11100,2,0.956306
narrow,11100,3,0.936261
narrow,11100,4,0.943018
narrow,11100,5,0.950901
narrow,11100,6,0.944032
narrow,11100,7,0.943356
narrow,11100,8,0.938288
narrow,11100,9,0.950225
narrow,11100,10,0.943468
narrow,11100,11,0.951351
narrow,11100,12,0.945158
narrow,11100,13,0.944369
narrow,11100,14,0.944257
narrow,11100,15,0.947635
narrow,11100,16,0.936599
narrow,11100,17,0.95259
narrow,11100,18,0.936036
narrow,11100,19,0.938964
narrow,11100,20,0.949324
narrow,11100,21,0.942905
narrow,11100,22,0.949324
narrow,11100,23,0.938063
narrow,11100,24,0.950225
narrow,11100,25,0.943919
narrow,11100,26,0.939977
narrow,11100,27,0.949437
narrow,11100,28,0.942005
narrow,11100,29,0.949324
wide,11600,0,1.0049
wide,11600,1,0.970537
wide,11600,2,0.937851
wide,11600,3,0.989814
wide,11600,4,0.924441
wide,11600,5,0.968023
wide,11600,6,0.94707
wide,11600,7,0.937851
wide,11600,8,0.956289
wide,11600,9,0.978919
wide,11600,10,0.959642
wide,11600,11,0.962994
wide,11600,12,0.953775
wide,11600,13,0.97808
wide,11600,14,0.916898
wide,11600,15,0.958804
wide,11600,16,0.947908
wide,11600,17,0.963832
wide,11600,18,0.930308
wide,11600,19,0.97808
wide,11600,20,0.941203
wide,11600,21,0.947908
wide,11600,22,0.928632
wide,11600,23,0.952937
wide,11600,24,0.932822
wide,11600,25,0.938689
wide,11600,26,0.879183
wide,11600,27,0.956289
wide,11600,28,0.957128
wide,11600,29,0.915222
narrow,11600,0,0.942565
narrow,11600,1,0.945905
narrow,11600,2,0.938793
narrow,11600,3,0.950108
narrow,11600,4,0.947845
narrow,11600,5,0.938578
narrow,11600,6,0.941164
narrow,11600,7,0.935668
narrow,11600,8,0.94278
narrow,11600,9,0.95194
narrow,11600,10,0.945366
narrow,11600,11,0.939763
narrow,11600,12,0.936961
narrow,11600,13,0.942888
narrow,11600,14,0.942888
narrow,11600,15,0.938147
narrow,11600,16,0.935991
narrow,11600,17,0.937931
narrow,11600,18,0.941379
narrow,11600,19,0.937392
narrow,11600,20,0.945582
narrow,11600,21,0.94375
narrow,11600,22,0.93556
narrow,11600,23,0.937177
narrow,11600,24,0.946336
narrow,11600,25,0.950539
narrow,11600,26,0.94472
narrow,11600,27,0.943966
narrow,11600,28,0.944504
narrow,11600,29,0.94903
wide,12100,0,0.940878
wide,12100,1,0.905525
wide,12100,2,0.98748
wide,12100,3,0.927219
wide,12100,4,0.917577
wide,12100,5,0.952127
wide,12100,6,0.89749
wide,12100,7,0.951323
wide,12100,8,0.93445
wide,12100,9,0.930433
wide,12100,10,0.983462
wide,12100,11,0.931236
wide,12100,12,0.960161
wide,12100,13,0.935253
wide,12100,14,0.969
wide,12100,15,0.937664
wide,12100,16,0.936057
wide,12100,17,0.939271
wide,12100,18,0.919987
wide,12100,19,0.958554
wide,12100,20,0.979445
wide,12100,21,0.948913
wide,12100,22,0.939271
wide,12100,23,0.964179
wide,12100,24,0.960161
wide,12100,25,0.87901
wide,12100,26,0.929629
wide,12100,27,0.932843
wide,12100,28,0.929629
wide,12100,29,0.969803
narrow,12100,0,0.941219
narrow,12100,1,0.953409
narrow,12100,2,0.949897
narrow,12100,3,0.942769
narrow,12100,4,0.955682
narrow,12100,5,0.943285
narrow,12100,6,0.950723
narrow,12100,7,0.944628
narrow,12100,8,0.947417
narrow,12100,9,0.95186
narrow,12100,10,0.944318
narrow,12100,11,0.94845
narrow,12100,12,0.939566
narrow,12100,13,0.942975
narrow,12100,14,0.941219
narrow,12100,15,0.942355
narrow,12100,16,0.947314
narrow,12100,17,0.943905
narrow,12100,18,0.942769
narrow,12100,19,0.947624
narrow,12100,20,0.942045
narrow,12100,21,0.942252
narrow,12100,22,0.93905
narrow,12100,23,0.940702
narrow,12100,24,0.951136
narrow,12100,25,0.940393
narrow,12100,26,0.946074
narrow,12100,27,0.941942
narrow,12100,28,0.936777
narrow,12100,29,0.934091
wide,12600,0,0.958325
wide,12600,1,1.01774
wide,12600,2,0.954467
wide,12600,3,0.904313
wide,12600,4,0.916659
wide,12600,5,0.972985
wide,12600,6,0.976843
wide,12600,7,0.903541
wide,12600,8,0.909714
wide,12600,9,0.943664
wide,12600,10,0.935177
wide,12600,11,0.976072
wide,12600,12,0.894282
wide,12600,13,0.910486
wide,12600,14,0.93672
wide,12600,15,0.945208
wide,12600,16,0.926689
wide,12600,17,0.899683
wide,12600,18,0.953695
wide,12600,19,0.933634
wide,12600,20,0.912029
wide,12600,21,0.865733
wide,12600,22,0.939806
wide,12600,23,0.927461
wide,12600,24,0.942121
wide,12600,25,0.969127
wide,12600,26,0.981473
wide,12600,27,0.959868
wide,12600,28,0.948294
wide,12600,29,0.9753
narrow,12600,0,0.941865
narrow,12600,1,0.944345
narrow,12600,2,0.938393
narrow,12600,3,0.946429
narrow,12600,4,0.946925
narrow,12600,5,0.934722
narrow,12600,6,0.945635
narrow,12600,7,0.939187
narrow,12600,8,0.950298
narrow,12600,9,0.950794
narrow,12600,10,0.943452
narrow,12600,11,0.955952
narrow,12600,12,0.940774
narrow,12600,13,0.939385
narrow,12600,14,0.943452
narrow,12600,15,0.948313
narrow,12600,16,0.944643
narrow,12600,17,0.944444
narrow,12600,18,0.940774
narrow,12600,19,0.943155
narrow,12600,20,0.945536
narrow,12600,21,0.942163
narrow,12600,22,0.936806
narrow,12600,23,0.948214
narrow,12600,24,0.942758
narrow,12600,25,0.93621
narrow,12600,26,0.944544
narrow,12600,27,0.937897
narrow,12600,28,0.944544
narrow,12600,29,0.94752
wide,13100,0,0.940301
wide,13100,1,0.914326
wide,13100,2,0.959597
wide,13100,3,0.925458
wide,13100,4,0.972214
wide,13100,5,0.978151
wide,13100,6,0.923974
wide,13100,7,0.969987
wide,13100,8,0.929169
wide,13100,9,0.929911
wide,13100,10,0.975924
wide,13100,11,0.925458
wide,13100,12,0.92249
wide,13100,13,0.952918
wide,13100,14,0.939559
wide,13100,15,0.94327
wide,13100,16,0.952918
wide,13100,17,0.962566
wide,13100,18,0.918037
wide,13100,19,0.893546
wide,13100,20,0.990025
wide,13100,21,0.924716
wide,13100,22,0.929169
wide,13100,23,0.969987
wide,13100,24,0.960339
wide,13100,25,0.9262
wide,13100,26,0.944754
wide,13100,27,0.931395
wide,13100,28,0.930653
wide,13100,29,0.97444
narrow,13100,0,0.93626
narrow,13100,1,0.948855
narrow,13100,2,0.947996
narrow,13100,3,0.95105
narrow,13100,4,0.941603
narrow,13100,5,0.948092
narrow,13100,6,0.945802
narrow,13100,7,0.937118
narrow,13100,8,0.95105
narrow,13100,9,0.947901
narrow,13100,10,0.945324
narrow,13100,11,0.94895
narrow,13100,12,0.938168
narrow,13100,13,0.946279
narrow,13100,14,0.939981
narrow,13100,15,0.947137
narrow,13100,16,0.945992
narrow,13100,17,0.953149
narrow,13100,18,0.938263
narrow,13100,19,0.944752
narrow,13100,20,0.949141
narrow,13100,21,0.952099
narrow,13100,22,0.933969
narrow,13100,23,0.952767
narrow,13100,24,0.942557
narrow,13100,25,0.939599
narrow,13100,26,0.950382
narrow,13100,27,0.945229
narrow,13100,28,0.943798
narrow,13100,29,0.943511
wide,13600,0,0.925033
wide,13600,1,0.922888
wide,13600,2,0.96721
wide,13600,3,0.913595
wide,13600,4,0.922173
wide,13600,5,0.922173
wide,13600,6,0.91288
wide,13600,7,0.937185
wide,13600,8,0.968639
wide,13600,9,0.970069
wide,13600,10,0.935756
wide,13600,11,0.985081
wide,13600,12,0.930037
wide,13600,13,0.957916
wide,13600,14,0.955772
wide,13600,15,0.93647
wide,13600,16,0.960061
wide,13600,17,0.972928
wide,13600,18,0.94076
wide,13600,19,0.975788
wide,13600,20,0.950768
wide,13600,21,0.966495
wide,13600,22,0.995089
wide,13600,23,0.940045
wide,13600,24,0.920743
wide,13600,25,0.904302
wide,13600,26,0.919314
wide,13600,27,0.972928
wide,13600,28,0.930752
wide,13600,29,0.948623
narrow,13600,0,0.948346
narrow,13600,1,0.947794
narrow,13600,2,0.950092
narrow,13600,3,0.940993
narrow,13600,4,0.946232
narrow,13600,5,0.942739
narrow,13600,6,0.94329
narrow,13600,7,0.938327
narrow,13600,8,0.944393
narrow,13600,9,0.941085
narrow,13600,10,0.943107
narrow,13600,11,0.941544
narrow,13600,12,0.941176
narrow,13600,13,0.946691
narrow,13600,14,0.949357
narrow,13600,15,0.93943
narrow,13600,16,0.947151
narrow,13600,17,0.939982
narrow,13600,18,0.943474
narrow,13600,19,0.946415
narrow,13600,20,0.951838
narrow,13600,21,0.952022
narrow,13600,22,0.951471
narrow,13600,23,0.937776
narrow,13600,24,0.947243
narrow,13600,25,0.948438
narrow,13600,26,0.951195
narrow,13600,27,0.940901
narrow,13600,28,0.936765
narrow,13600,29,0.938327
wide,14100,0,0.940496
wide,14100,1,0.965318
wide,14100,2,0.935669
wide,14100,3,0.957044
wide,14100,4,0.999105
wide,14100,5,0.932222
wide,14100,6,0.926016
wide,14100,7,0.928774
wide,14100,8,0.947391
wide,14100,9,0.946012
wide,14100,10,0.97704
wide,14100,11,0.961181
wide,14100,12,0.976351
wide,14100,13,0.926706
wide,14100,14,0.958423
wide,14100,15,0.997726
wide,14100,16,0.943254
wide,14100,17,0.90602
wide,14100,18,0.941875
wide,14100,19,0.92119
wide,14100,20,0.923258
wide,14100,21,0.93429
wide,14100,22,1.00324
wide,14100,23,0.969456
wide,14100,24,0.925327
wide,14100,25,0.937738
wide,14100,26,0.952218
wide,14100,27,0.93429
wide,14100,28,0.936359
wide,14100,29,0.967387
narrow,14100,0,0.941046
narrow,14100,1,0.946809
narrow,14100,2,0.944326
narrow,14100,3,0.94078
narrow,14100,4,0.936791
narrow,14100,5,0.945656
narrow,14100,6,0.94477
narrow,14100,7,0.943883
narrow,14100,8,0.941578
narrow,14100,9,0.955053
narrow,14100,10,0.942642
narrow,14100,11,0.944326
narrow,14100,12,0.947606
narrow,14100,13,0.942465
narrow,14100,14,0.952571
narrow,14100,15,0.945922
narrow,14100,16,0.947695
narrow,14100,17,0.938475
narrow,14100,18,0.947518
narrow,14100,19,0.941223
narrow,14100,20,0.937411
narrow,14100,21,0.941046
narrow,14100,22,0.946011
narrow,14100,23,0.947961
narrow,14100,24,0.943883
narrow,14100,25,0.951241
narrow,14100,26,0.944947
narrow,14100,27,0.94016
narrow,14100,28,0.949557
narrow,14100,29,0.949734
wide,14600,0,0.91761
wide,14600,1,0.968218
wide,14600,2,0.893637
wide,14600,3,0.983534
wide,14600,4,0.948907
wide,14600,5,0.952237
wide,14600,6,0.941582
wide,14600,7,0.945578
wide,14600,8,0.905624
wide,14600,9,0.962225
wide,14600,10,0.974211
wide,14600,11,0.96955
wide,14600,12,0.927598
wide,14600,13,0.951571
wide,14600,14,1.01217
wide,14600,15,0.916278
wide,14600,16,0.963557
wide,14600,17,0.978873
wide,14600,18,0.952903
wide,14600,19,0.960893
wide,14600,20,0.974877
wide,14600,21,0.970882
wide,14600,22,0.945578
wide,14600,23,0.926267
wide,14600,24,0.918276
wide,14600,25,0.926932
wide,14600,26,0.92893
wide,14600,27,0.944912
wide,14600,28,0.915612
wide,14600,29,0.975543
narrow,14600,0,0.944007
narrow,14600,1,0.946233
narrow,14600,2,0.949829
narrow,14600,3,0.936729
narrow,14600,4,0.943836
narrow,14600,5,0.943151
narrow,14600,6,0.942038
narrow,14600,7,0.944949
narrow,14600,8,0.942979
narrow,14600,9,0.938699
narrow,14600,10,0.943664
narrow,14600,11,0.945548
narrow,14600,12,0.945377
narrow,14600,13,0.944777
narrow,14600,14,0.950599
narrow,14600,15,0.945634
narrow,14600,16,0.945976
narrow,14600,17,0.941866
narrow,14600,18,0.940411
narrow,14600,19,0.944521
narrow,14600,20,0.95137
narrow,14600,21,0.940753
narrow,14600,22,0.949401
narrow,14600,23,0.943664
narrow,14600,24,0.944349
narrow,14600,25,0.942209
narrow,14600,26,0.946062
narrow,14600,27,0.946747
narrow,14600,28,0.945377
narrow,14600,29,0.9375
wide,15100,0,0.950323
wide,15100,1,0.962556
wide,15100,2,0.933583
wide,15100,3,0.949035
wide,15100,4,0.958049
wide,15100,5,0.955473
wide,15100,6,0.923925
wide,15100,7,0.941309
wide,15100,8,0.906541
wide,15100,9,0.962556
wide,15100,10,0.929719
wide,15100,11,0.939377
wide,15100,12,0.927144
wide,15100,13,0.998611
wide,15100,14,0.94324
wide,15100,15,0.918774
wide,15100,16,0.929719
wide,15100,17,0.930363
wide,15100,18,0.965131
wide,15100,19,0.907185
wide,15100,20,0.955473
wide,15100,21,0.95998
wide,15100,22,0.932295
wide,15100,23,0.934226
wide,15100,24,0.961268
wide,15100,25,0.950323
wide,15100,26,0.930363
wide,15100,27,0.95998
wide,15100,28,0.91813
wide,15100,29,0.924569
narrow,15100,0,0.94644
narrow,15100,1,0.944288
narrow,15100,2,0.949669
narrow,15100,3,0.939487
narrow,15100,4,0.954719
narrow,15100,5,0.946275
narrow,15100,6,0.943295
narrow,15100,7,0.942136
narrow,15100,8,0.944785
narrow,15100,9,0.936755
narrow,15100,10,0.951242
narrow,15100,11,0.941805
narrow,15100,12,0.93899
narrow,15100,13,0.946275
narrow,15100,14,0.94851
narrow,15100,15,0.945116
narrow,15100,16,0.940646
narrow,15100,17,0.948924
narrow,15100,18,0.942219
narrow,15100,19,0.949338
narrow,15100,20,0.94255
narrow,15100,21,0.94255
narrow,15100,22,0.937417
narrow,15100,23,0.943212
narrow,15100,24,0.938493
narrow,15100,25,0.944454
narrow,15100,26,0.94048
narrow,15100,27,0.934106
narrow,15100,28,0.945033
narrow,15100,29,0.938079
wide,15600,0,0.95601
wide,15600,1,0.916748
wide,15600,2,0.932951
wide,15600,3,0.958503
wide,15600,4,0.964735
wide,15600,5,0.942923
wide,15600,6,0.914878
wide,15600,7,0.998389
wide,15600,8,0.952894
wide,15600,9,0.951024
wide,15600,10,0.941053
wide,15600,11,0.970344
wide,15600,12,0.909892
wide,15600,13,0.926719
wide,15600,14,0.941676
wide,15600,15,0.908023
wide,15600,16,0.948531
wide,15600,17,0.962865
wide,15600,18,0.924226
wide,15600,19,0.920487
wide,15600,20,0.931705
wide,15600,21,0.92111
wide,15600,22,0.937314
wide,15600,23,0.948531
wide,15600,24,0.934198
wide,15600,25,0.929212
wide,15600,26,0.98904
wide,15600,27,0.939183
wide,15600,28,0.928589
wide,15600,29,0.948531
narrow,15600,0,0.941186
narrow,15600,1,0.947997
narrow,15600,2,0.943269
narrow,15600,3,0.947276
narrow,15600,4,0.948798
narrow,15600,5,0.945192
narrow,15600,6,0.94351
narrow,15600,7,0.944231
narrow,15600,8,0.936458
narrow,15600,9,0.949679
narrow,15600,10,0.944151
narrow,15600,11,0.940545
narrow,15600,12,0.949599
narrow,15600,13,0.941827
narrow,15600,14,0.944311
narrow,15600,15,0.950801
narrow,15600,16,0.937821
narrow,15600,17,0.953926
narrow,15600,18,0.949119
narrow,15600,19,0.948718
narrow,15600,20,0.95
narrow,15600,21,0.947516
narrow,15600,22,0.951763
narrow,15600,23,0.94399
narrow,15600,24,0.938702
narrow,15600,25,0.940064
narrow,15600,26,0.942548
narrow,15600,27,0.94359
narrow,15600,28,0.94383
narrow,15600,29,0.937179
wide,16100,0,0.969798
wide,16100,1,0.926924
wide,16100,2,0.955909
wide,16100,3,0.905185
wide,16100,4,0.975837
wide,16100,5,0.964363
wide,16100,6,0.943832
wide,16100,7,0.95289
wide,16100,8,0.956513
wide,16100,9,0.926924
wide,16100,10,0.974025
wide,16100,11,0.919074
wide,16100,12,0.966779
wide,16100,13,0.960136
wide,16100,14,0.96074
wide,16100,15,0.983687
wide,16100,16,0.937794
wide,16100,17,0.916055
wide,16100,18,0.938397
wide,16100,19,0.946852
wide,16100,20,0.940813
wide,16100,21,0.959533
wide,16100,22,0.884654
wide,16100,23,0.948663
wide,16100,24,0.94504
wide,16100,25,0.942021
wide,16100,26,0.946852
wide,16100,27,0.940813
wide,16100,28,1.00603
wide,16100,29,0.923905
narrow,16100,0,0.949767
narrow,16100,1,0.943012
narrow,16100,2,0.947671
narrow,16100,3,0.947283
narrow,16100,4,0.94868
narrow,16100,5,0.938665
narrow,16100,6,0.938509
narrow,16100,7,0.949767
narrow,16100,8,0.941615
narrow,16100,9,0.94705
narrow,16100,10,0.948913
narrow,16100,11,0.949922
narrow,16100,12,0.952019
narrow,16100,13,0.945342
narrow,16100,14,0.946118
narrow,16100,15,0.941693
narrow,16100,16,0.952873
narrow,16100,17,0.939363
narrow,16100,18,0.948525
narrow,16100,19,0.942314
narrow,16100,20,0.946661
narrow,16100,21,0.938354
narrow,16100,22,0.94146
narrow,16100,23,0.935792
narrow,16100,24,0.938509
narrow,16100,25,0.942158
narrow,16100,26,0.942935
narrow,16100,27,0.940373
narrow,16100,28,0.941537
narrow,16100,29,0.945575
wide,16600,0,0.917746
wide,16600,1,0.941759
wide,16600,2,0.982756
wide,16600,3,0.908375
wide,16600,4,0.962257
wide,16600,5,0.958743
wide,16600,6,0.949372
wide,16600,7,0.989198
wide,16600,8,0.951715
wide,16600,9,0.968114
wide,16600,10,0.952886
wide,16600,11,0.931217
wide,16600,12,0.940002
wide,16600,13,0.980413
wide,16600,14,0.886706
wide,16600,15,0.924774
wide,16600,16,0.975142
wide,16600,17,0.953472
wide,16600,18,0.973971
wide,16600,19,0.923017
wide,16600,20,0.942344
wide,16600,21,0.955815
wide,16600,22,0.915404
wide,16600,23,0.941173
wide,16600,24,0.920089
wide,16600,25,0.965186
wide,16600,26,0.966943
wide,16600,27,0.935902
wide,16600,28,0.922432
wide,16600,29,0.962257
narrow,16600,0,0.941265
narrow,16600,1,0.944503
narrow,16600,2,0.94631
narrow,16600,3,0.948117
narrow,16600,4,0.942018
narrow,16600,5,0.945105
narrow,16600,6,0.939232
narrow,16600,7,0.943373
narrow,16600,8,0.941566
narrow,16600,9,0.941642
narrow,16600,10,0.94134
narrow,16600,11,0.948946
narrow,16600,12,0.939759
narrow,16600,13,0.940964
narrow,16600,14,0.945181
narrow,16600,15,0.948795
narrow,16600,16,0.943223
narrow,16600,17,0.941642
narrow,16600,18,0.938855
narrow,16600,19,0.946762
narrow,16600,20,0.943298
narrow,16600,21,0.953991
narrow,16600,22,0.943148
narrow,16600,23,0.939759
narrow,16600,24,0.946611
narrow,16600,25,0.945633
narrow,16600,26,0.951732
narrow,16600,27,0.948117
narrow,16600,28,0.941416
narrow,16600,29,0.946988
wide,17100,0,0.917065
wide,17100,1,0.948903
wide,17100,2,0.956863
wide,17100,3,0.978468
wide,17100,4,0.973919
wide,17100,5,0.972782
wide,17100,6,0.905125
wide,17100,7,0.936395
wide,17100,8,0.958568
wide,17100,9,0.958568
wide,17100,10,0.951746
wide,17100,11,0.959706
wide,17100,12,0.92275
wide,17100,13,0.961411
wide,17100,14,0.935827
wide,17100,15,0.957431
wide,17100,16,0.93071
wide,17100,17,0.923319
wide,17100,18,0.939238
wide,17100,19,0.946629
wide,17100,20,0.95004
wide,17100,21,0.990407
wide,17100,22,0.947198
wide,17100,23,0.964822
wide,17100,24,0.940944
wide,17100,25,0.959706
wide,17100,26,0.940944
wide,17100,27,0.955157
wide,17100,28,0.908536
wide,17100,29,0.96596
narrow,17100,0,0.938596
narrow,17100,1,0.950731
narrow,17100,2,0.94152
narrow,17100,3,0.941667
narrow,17100,4,0.940278
narrow,17100,5,0.953143
narrow,17100,6,0.941374
narrow,17100,7,0.941082
narrow,17100,8,0.948099
narrow,17100,9,0.948465
narrow,17100,10,0.942909
narrow,17100,11,0.941886
narrow,17100,12,0.946711
narrow,17100,13,0.940205
narrow,17100,14,0.948392
narrow,17100,15,0.94152
narrow,17100,16,0.940863
narrow,17100,17,0.944591
narrow,17100,18,0.940863
narrow,17100,19,0.951608
narrow,17100,20,0.946345
narrow,17100,21,0.947442
narrow,17100,22,0.948684
narrow,17100,23,0.949488
narrow,17100,24,0.940132
narrow,17100,25,0.948611
narrow,17100,26,0.944737
narrow,17100,27,0.941447
narrow,17100,28,0.944298
narrow,17100,29,0.939401
wide,17600,0,0.971661
wide,17600,1,0.940727
wide,17600,2,0.961718
wide,17600,3,0.955642
wide,17600,4,0.963375
wide,17600,5,0.946803
wide,17600,6,0.914765
wide,17600,7,0.908688
wide,17600,8,0.919736
wide,17600,9,0.985471
wide,17600,10,0.945146
wide,17600,11,0.950118
wide,17600,12,0.904269
wide,17600,13,0.971661
wide,17600,14,0.944041
wide,17600,15,0.953985
wide,17600,16,0.919184
wide,17600,17,0.965032
wide,17600,18,0.919184
wide,17600,19,0.938518
wide,17600,20,0.916974
wide,17600,21,0.933546
wide,17600,22,0.881621
wide,17600,23,0.951775
wide,17600,24,0.900402
wide,17600,25,0.960613
wide,17600,26,0.932441
wide,17600,27,0.908688
wide,17600,28,0.946251
wide,17600,29,0.909793
narrow,17600,0,0.954332
narrow,17600,1,0.951207
narrow,17600,2,0.946236
narrow,17600,3,0.940838
narrow,17600,4,0.947869
narrow,17600,5,0.941974
narrow,17600,6,0.949006
narrow,17600,7,0.951349
narrow,17600,8,0.942898
narrow,17600,9,0.942756
narrow,17600,10,0.945455
narrow,17600,11,0.941193
narrow,17600,12,0.950923
narrow,17600,13,0.941406
narrow,17600,14,0.944176
narrow,17600,15,0.944247
narrow,17600,16,0.943395
narrow,17600,17,0.943253
narrow,17600,18,0.945028
narrow,17600,19